{
  "KubeCoreDNS": {
    "10.129.1.74": {
      "DCErrors": {},
      "CCES": 67,
      "CCED": 313,
      "CDCHD": 141,
      "CDDCM": 145.5948275862069,
      "CDCR": 464,
      "CDRD": 0.0004363787306030433,
      "CDRDS": 0.2024797309998121,
      "CDRDC": 464,
      "CDRQSB": 60.30172413793103,
      "CDRQSBS": 27980,
      "CDRQSBC": 464,
      "CDDRQ": 464,
      "CDDCMS": 67556,
      "CDDCMC": 464,
      "CDDRT": 464,
      "code": {
        "NOERROR": {
          "cd": "NOERROR",
          "CDDR": 128,
          "CFRDSS": 0.09940024299999095,
          "CFRDSC": 24,
          "CFRDS": 0.004141676791666289,
          "CDFR": 24
        },
        "NXDOMAIN": {
          "cd": "NXDOMAIN",
          "CDDR": 336,
          "CFRDSS": 0.051238658999977815,
          "CFRDSC": 34,
          "CFRDS": 0.0015070193823522888,
          "CDFR": 34
        }
      },
      "CFMCR": 0,
      "CFRDS": 0.0025972224482753237,
      "CFRDSS": 0.15063890199996877,
      "CFRDSC": 58,
      "CDFR": 58,
      "CHRTS": 0,
      "CDP": 0,
      "CDCF": 0,
      "GR": 41,
      "GT": 16,
      "PCS": 0.4599999999999227,
      "POF": 15,
      "PRMB": 80023552,
      "PVMB": 1860636672
    }
  }
}
